game,log,mc_value,noise,player,rs_value
satisfiability,road_traffic_fines,0.0,1.0,Seq2@3,0.0
satisfiability,road_traffic_fines,0.0,1.0,Seq7@2,0.0
satisfiability,road_traffic_fines,0.0,1.0,Seq2@1,0.0
liveness,road_traffic_fines,0.0,1.0,Seq2@3,0.0
liveness,road_traffic_fines,0.0,1.0,Seq7@2,0.0
liveness,road_traffic_fines,0.0,1.0,Seq2@1,0.0
safety,road_traffic_fines,0.0,1.0,Seq2@3,0.0
safety,road_traffic_fines,0.0,1.0,Seq7@2,0.0
safety,road_traffic_fines,0.0,1.0,Seq2@1,0.0
satisfiability,bpi_2013_incidents,0.675,1.0,Seq2@2@1,0.388579
satisfiability,bpi_2013_incidents,0.166,1.0,Seq2@2@2,0.092765
satisfiability,bpi_2013_incidents,0.159,1.0,Seq2@2@3,0.098962
satisfiability,bpi_2013_incidents,0.0,1.0,Seq3@1,-0.216279
liveness,bpi_2013_incidents,0.0,1.0,Seq2@2@1,0.0
liveness,bpi_2013_incidents,0.0,1.0,Seq2@2@2,0.0
liveness,bpi_2013_incidents,0.0,1.0,Seq2@2@3,0.0
liveness,bpi_2013_incidents,0.0,1.0,Seq3@1,0.0
safety,bpi_2013_incidents,0.0,1.0,Seq2@2@1,0.0
safety,bpi_2013_incidents,0.0,1.0,Seq2@2@2,0.0
safety,bpi_2013_incidents,0.0,1.0,Seq2@2@3,0.0
safety,bpi_2013_incidents,0.0,1.0,Seq3@1,0.0
satisfiability,sepsis,0.0,1.0,Seq2@2@1,0.0
satisfiability,sepsis,0.0,1.0,Seq2@2@2,0.0
satisfiability,sepsis,0.0,1.0,Seq2@2@3,0.0
satisfiability,sepsis,0.0,1.0,Seq2@2@4,0.0
satisfiability,sepsis,0.0,1.0,Seq2@2@5,0.0
satisfiability,sepsis,0.0,1.0,Seq7@1,0.0
liveness,sepsis,0.0,1.0,Seq2@2@1,0.0
liveness,sepsis,0.0,1.0,Seq2@2@2,0.0
liveness,sepsis,0.0,1.0,Seq2@2@3,0.0
liveness,sepsis,0.0,1.0,Seq2@2@4,0.0
liveness,sepsis,0.0,1.0,Seq2@2@5,0.0
liveness,sepsis,0.0,1.0,Seq7@1,0.0
safety,sepsis,0.0,1.0,Seq2@2@1,0.0
safety,sepsis,0.0,1.0,Seq2@2@2,0.0
safety,sepsis,0.0,1.0,Seq2@2@3,0.0
safety,sepsis,0.0,1.0,Seq2@2@4,0.0
safety,sepsis,0.0,1.0,Seq2@2@5,0.0
safety,sepsis,0.0,1.0,Seq7@1,0.0
satisfiability,bpi_2013_incidents,0.437,0.25,Seq2@3@1,0.662573
satisfiability,bpi_2013_incidents,0.21,0.25,Seq2@4@1,0.112086
satisfiability,bpi_2013_incidents,0.202,0.25,Seq2@4@2,0.153563
satisfiability,bpi_2013_incidents,0.09,0.25,Seq2@2@2,-0.012243
satisfiability,bpi_2013_incidents,0.032,0.25,Seq2@3@2,-0.117883
satisfiability,bpi_2013_incidents,0.029,0.25,Seq2@2@1,-0.163715
satisfiability,bpi_2013_incidents,0.0,0.25,Seq2@1,-0.179433
liveness,bpi_2013_incidents,0.085,0.25,Seq2@4@1,0.16338
liveness,bpi_2013_incidents,0.08,0.25,Seq2@4@2,0.171344
liveness,bpi_2013_incidents,0.0,0.25,Seq2@3@2,-0.028563
liveness,bpi_2013_incidents,0.0,0.25,Seq2@2@1,-0.040712
liveness,bpi_2013_incidents,0.0,0.25,Seq2@1,-0.018093
liveness,bpi_2013_incidents,-0.073,0.25,Seq2@3@1,-0.086374
liveness,bpi_2013_incidents,-0.092,0.25,Seq2@2@2,-0.087547
safety,bpi_2013_incidents,0.0,0.25,Seq2@3@1,0.0
safety,bpi_2013_incidents,0.0,0.25,Seq2@4@1,0.0
safety,bpi_2013_incidents,0.0,0.25,Seq2@4@2,0.0
safety,bpi_2013_incidents,0.0,0.25,Seq2@3@2,0.0
safety,bpi_2013_incidents,0.0,0.25,Seq2@2@1,0.0
safety,bpi_2013_incidents,0.0,0.25,Seq2@2@2,0.0
safety,bpi_2013_incidents,0.0,0.25,Seq2@1,0.0
satisfiability,bpi_2013_incidents,0.351,0.5,Seq2@3@1,0.452506
satisfiability,bpi_2013_incidents,0.245,0.5,Seq2@4@2,0.249755
satisfiability,bpi_2013_incidents,0.2,0.5,Seq2@2@1,0.355544
satisfiability,bpi_2013_incidents,0.095,0.5,Seq2@4@1,-0.018294
satisfiability,bpi_2013_incidents,0.078,0.5,Seq2@3@2,-0.051649
satisfiability,bpi_2013_incidents,0.031,0.5,Seq2@2@2,-0.201677
satisfiability,bpi_2013_incidents,0.0,0.5,Seq2@1,-0.283152
liveness,bpi_2013_incidents,0.0,0.5,Seq2@2@1,0.0
liveness,bpi_2013_incidents,0.0,0.5,Seq2@3@1,0.0
liveness,bpi_2013_incidents,0.0,0.5,Seq2@4@1,0.0
liveness,bpi_2013_incidents,0.0,0.5,Seq2@4@2,0.0
liveness,bpi_2013_incidents,0.0,0.5,Seq2@3@2,0.0
liveness,bpi_2013_incidents,0.0,0.5,Seq2@2@2,0.0
liveness,bpi_2013_incidents,0.0,0.5,Seq2@1,0.0
safety,bpi_2013_incidents,0.0,0.5,Seq2@2@1,0.0
safety,bpi_2013_incidents,0.0,0.5,Seq2@3@1,0.0
safety,bpi_2013_incidents,0.0,0.5,Seq2@4@1,0.0
safety,bpi_2013_incidents,0.0,0.5,Seq2@4@2,0.0
safety,bpi_2013_incidents,0.0,0.5,Seq2@3@2,0.0
safety,bpi_2013_incidents,0.0,0.5,Seq2@2@2,0.0
safety,bpi_2013_incidents,0.0,0.5,Seq2@1,0.0
satisfiability,sepsis,0.368,0.5,Seq2@3@1,0.524546
satisfiability,sepsis,0.219,0.5,Seq2@6@1,0.228019
satisfiability,sepsis,0.108,0.5,Seq2@3@3,0.123878
satisfiability,sepsis,0.104,0.5,Seq2@4@2,0.124226
satisfiability,sepsis,0.101,0.5,Seq2@3@2,0.119975
satisfiability,sepsis,0.101,0.5,Seq2@4@1,0.077273
satisfiability,sepsis,0.038,0.5,Seq2@6@2,0.003297
satisfiability,sepsis,0.005,0.5,Seq2@3@4,-0.074653
satisfiability,sepsis,0.0,0.5,Seq5@2,-0.144161
satisfiability,sepsis,0.0,0.5,Seq2@1,-0.125626
satisfiability,sepsis,-0.044,0.5,Seq3@5,-0.272806
liveness,sepsis,0.005,0.5,Seq2@3@2,0.00979
liveness,sepsis,0.003,0.5,Seq2@3@3,0.01059
liveness,sepsis,0.002,0.5,Seq2@3@1,0.010836
liveness,sepsis,0.001,0.5,Seq2@4@1,0.009831
liveness,sepsis,0.0,0.5,Seq2@3@4,-0.001017
liveness,sepsis,0.0,0.5,Seq5@2,0.001355
liveness,sepsis,0.0,0.5,Seq2@1,-0.002946
liveness,sepsis,-0.001,0.5,Seq2@6@1,-0.00536
liveness,sepsis,-0.002,0.5,Seq2@6@2,-0.005405
liveness,sepsis,-0.003,0.5,Seq2@4@2,-0.005521
liveness,sepsis,-0.005,0.5,Seq3@5,-0.005189
safety,sepsis,0.0,0.5,Seq2@3@1,0.0
safety,sepsis,0.0,0.5,Seq2@3@2,0.0
safety,sepsis,0.0,0.5,Seq2@3@3,0.0
safety,sepsis,0.0,0.5,Seq2@6@1,0.0
safety,sepsis,0.0,0.5,Seq2@6@2,0.0
safety,sepsis,0.0,0.5,Seq3@5,0.0
safety,sepsis,0.0,0.5,Seq2@4@1,0.0
safety,sepsis,0.0,0.5,Seq2@4@2,0.0
safety,sepsis,0.0,0.5,Seq2@3@4,0.0
safety,sepsis,0.0,0.5,Seq5@2,0.0
safety,sepsis,0.0,0.5,Seq2@1,0.0
satisfiability,bpi_2013_incidents,0.356,0.0,Seq2@6@2,0.414585
satisfiability,bpi_2013_incidents,0.182,0.0,Seq2@2@1,0.183874
satisfiability,bpi_2013_incidents,0.131,0.0,Seq2@4@1,0.199159
satisfiability,bpi_2013_incidents,0.05,0.0,Seq2@5@2,0.001762
satisfiability,bpi_2013_incidents,0.043,0.0,Seq2@6@1,0.002235
satisfiability,bpi_2013_incidents,0.031,0.0,Seq2@4@2,0.044017
satisfiability,bpi_2013_incidents,0.012,0.0,Seq2@2@2,-0.004379
satisfiability,bpi_2013_incidents,0.003,0.0,Seq2@3@2,-0.035311
satisfiability,bpi_2013_incidents,0.0,0.0,Seq2@1,-0.028391
satisfiability,bpi_2013_incidents,-0.253,0.0,Seq2@5@1,-0.169149
satisfiability,bpi_2013_incidents,-0.263,0.0,Seq2@3@1,-0.129183
satisfiability,bpi_2013_incidents,-0.292,0.0,Seq2@7,-0.203679
liveness,bpi_2013_incidents,0.0,0.0,Seq2@3@1,0.0
liveness,bpi_2013_incidents,0.0,0.0,Seq2@2@1,0.0
liveness,bpi_2013_incidents,0.0,0.0,Seq2@5@1,0.0
liveness,bpi_2013_incidents,0.0,0.0,Seq2@4@1,0.0
liveness,bpi_2013_incidents,0.0,0.0,Seq2@7,0.0
liveness,bpi_2013_incidents,0.0,0.0,Seq2@6@1,0.0
liveness,bpi_2013_incidents,0.0,0.0,Seq2@6@2,0.0
liveness,bpi_2013_incidents,0.0,0.0,Seq2@5@2,0.0
liveness,bpi_2013_incidents,0.0,0.0,Seq2@4@2,0.0
liveness,bpi_2013_incidents,0.0,0.0,Seq2@3@2,0.0
liveness,bpi_2013_incidents,0.0,0.0,Seq2@2@2,0.0
liveness,bpi_2013_incidents,0.0,0.0,Seq2@1,0.0
safety,bpi_2013_incidents,0.0,0.0,Seq2@3@1,0.0
safety,bpi_2013_incidents,0.0,0.0,Seq2@2@1,0.0
safety,bpi_2013_incidents,0.0,0.0,Seq2@5@1,0.0
safety,bpi_2013_incidents,0.0,0.0,Seq2@4@1,0.0
safety,bpi_2013_incidents,0.0,0.0,Seq2@7,0.0
safety,bpi_2013_incidents,0.0,0.0,Seq2@6@1,0.0
safety,bpi_2013_incidents,0.0,0.0,Seq2@6@2,0.0
safety,bpi_2013_incidents,0.0,0.0,Seq2@5@2,0.0
safety,bpi_2013_incidents,0.0,0.0,Seq2@4@2,0.0
safety,bpi_2013_incidents,0.0,0.0,Seq2@3@2,0.0
safety,bpi_2013_incidents,0.0,0.0,Seq2@2@2,0.0
safety,bpi_2013_incidents,0.0,0.0,Seq2@1,0.0
satisfiability,road_traffic_fines,0.343,0.5,Seq2@7@2,0.425112
satisfiability,road_traffic_fines,0.28,0.5,Seq2@5@1,0.386932
satisfiability,road_traffic_fines,0.113,0.5,Seq2@6@1,0.184247
satisfiability,road_traffic_fines,0.1,0.5,Seq2@6@2,0.06097
satisfiability,road_traffic_fines,0.088,0.5,Seq2@4@2,0.114046
satisfiability,road_traffic_fines,0.029,0.5,Seq3@7,-0.011803
satisfiability,road_traffic_fines,0.028,0.5,Seq2@7@1,0.010034
satisfiability,road_traffic_fines,0.012,0.5,Seq2@4@1,-0.067748
satisfiability,road_traffic_fines,0.007,0.5,Seq2@5@2,-0.08396
satisfiability,road_traffic_fines,0.0,0.5,Seq2@3,-0.080262
satisfiability,road_traffic_fines,0.0,0.5,Seq2@2,-0.094161
satisfiability,road_traffic_fines,0.0,0.5,Seq2@1,-0.107956
liveness,road_traffic_fines,0.019,0.5,Seq2@5@1,0.039106
liveness,road_traffic_fines,0.011,0.5,Seq2@5@2,0.025685
liveness,road_traffic_fines,0.007,0.5,Seq2@6@1,0.00091
liveness,road_traffic_fines,0.006,0.5,Seq2@6@2,-0.000234
liveness,road_traffic_fines,0.0,0.5,Seq2@4@1,0.008125
liveness,road_traffic_fines,0.0,0.5,Seq2@3,0.003432
liveness,road_traffic_fines,0.0,0.5,Seq2@2,-0.010716
liveness,road_traffic_fines,0.0,0.5,Seq2@1,0.000347
liveness,road_traffic_fines,-0.008,0.5,Seq2@4@2,-0.021892
liveness,road_traffic_fines,-0.01,0.5,Seq2@7@1,-0.021705
liveness,road_traffic_fines,-0.012,0.5,Seq3@7,-0.021705
liveness,road_traffic_fines,-0.013,0.5,Seq2@7@2,-0.021909
safety,road_traffic_fines,0.0,0.5,Seq2@5@1,0.0
safety,road_traffic_fines,0.0,0.5,Seq3@7,0.0
safety,road_traffic_fines,0.0,0.5,Seq2@6@1,0.0
safety,road_traffic_fines,0.0,0.5,Seq2@7@1,0.0
safety,road_traffic_fines,0.0,0.5,Seq2@7@2,0.0
safety,road_traffic_fines,0.0,0.5,Seq2@6@2,0.0
safety,road_traffic_fines,0.0,0.5,Seq2@5@2,0.0
safety,road_traffic_fines,0.0,0.5,Seq2@4@1,0.0
safety,road_traffic_fines,0.0,0.5,Seq2@4@2,0.0
safety,road_traffic_fines,0.0,0.5,Seq2@3,0.0
safety,road_traffic_fines,0.0,0.5,Seq2@2,0.0
safety,road_traffic_fines,0.0,0.5,Seq2@1,0.0
satisfiability,road_traffic_fines,0.322,0.25,Seq2@7@1,0.510954
satisfiability,road_traffic_fines,0.299,0.25,Seq2@3@1,0.411085
satisfiability,road_traffic_fines,0.096,0.25,Seq2@7@4,0.123135
satisfiability,road_traffic_fines,0.091,0.25,Seq2@3@2,0.146776
satisfiability,road_traffic_fines,0.081,0.25,Seq2@7@2,0.11631
satisfiability,road_traffic_fines,0.074,0.25,Seq2@7@3,0.126581
satisfiability,road_traffic_fines,0.02,0.25,Seq2@4,-0.069758
satisfiability,road_traffic_fines,0.015,0.25,Seq3@4,-0.0671
satisfiability,road_traffic_fines,0.007,0.25,Seq2@5@1,0.013871
satisfiability,road_traffic_fines,0.005,0.25,Seq2@3@3,-0.053836
satisfiability,road_traffic_fines,0.0,0.25,Seq3@2,-0.103782
satisfiability,road_traffic_fines,0.0,0.25,Seq2@1,-0.065389
satisfiability,road_traffic_fines,-0.003,0.25,Seq4@6,-0.079659
satisfiability,road_traffic_fines,-0.007,0.25,Seq2@5@2,-0.106123
liveness,road_traffic_fines,0.007,0.25,Seq2@3@1,0.012766
liveness,road_traffic_fines,0.006,0.25,Seq2@3@2,0.013025
liveness,road_traffic_fines,0.003,0.25,Seq3@4,0.006043
liveness,road_traffic_fines,0.002,0.25,Seq2@5@1,0.001542
liveness,road_traffic_fines,0.002,0.25,Seq2@4,-0.002642
liveness,road_traffic_fines,0.001,0.25,Seq2@5@2,0.001958
liveness,road_traffic_fines,0.0,0.25,Seq2@7@3,-0.006912
liveness,road_traffic_fines,0.0,0.25,Seq2@3@3,0.002152
liveness,road_traffic_fines,0.0,0.25,Seq3@2,0.003905
liveness,road_traffic_fines,0.0,0.25,Seq2@1,-0.002829
liveness,road_traffic_fines,-0.003,0.25,Seq4@6,-0.00702
liveness,road_traffic_fines,-0.004,0.25,Seq2@7@1,-0.00686
liveness,road_traffic_fines,-0.006,0.25,Seq2@7@4,-0.006955
liveness,road_traffic_fines,-0.008,0.25,Seq2@7@2,-0.006897
safety,road_traffic_fines,0.0,0.25,Seq2@3@1,0.0
safety,road_traffic_fines,0.0,0.25,Seq2@3@2,0.0
safety,road_traffic_fines,0.0,0.25,Seq2@5@1,0.0
safety,road_traffic_fines,0.0,0.25,Seq2@7@1,0.0
safety,road_traffic_fines,0.0,0.25,Seq2@7@2,0.0
safety,road_traffic_fines,0.0,0.25,Seq2@7@3,0.0
safety,road_traffic_fines,0.0,0.25,Seq2@7@4,0.0
safety,road_traffic_fines,0.0,0.25,Seq4@6,0.0
safety,road_traffic_fines,0.0,0.25,Seq2@5@2,0.0
safety,road_traffic_fines,0.0,0.25,Seq3@4,0.0
safety,road_traffic_fines,0.0,0.25,Seq2@4,0.0
safety,road_traffic_fines,0.0,0.25,Seq2@3@3,0.0
safety,road_traffic_fines,0.0,0.25,Seq3@2,0.0
safety,road_traffic_fines,0.0,0.25,Seq2@1,0.0
satisfiability,sepsis,0.269,0.25,Seq2@7@1,0.433606
satisfiability,sepsis,0.237,0.25,Seq2@8@2,0.409375
satisfiability,sepsis,0.231,0.25,Seq2@5@1,0.388417
satisfiability,sepsis,0.04,0.25,Seq2@5@3,0.015353
satisfiability,sepsis,0.036,0.25,Seq2@5@2,-0.022222
satisfiability,sepsis,0.029,0.25,Seq2@9@1,0.005109
satisfiability,sepsis,0.025,0.25,Seq2@3@1,0.0106
satisfiability,sepsis,0.024,0.25,Seq2@9@2,-0.013326
satisfiability,sepsis,0.022,0.25,Seq2@7@4,0.006374
satisfiability,sepsis,0.017,0.25,Seq4@6,-0.032778
satisfiability,sepsis,0.016,0.25,Seq2@7@2,0.009219
satisfiability,sepsis,0.016,0.25,Seq2@6,-0.014324
satisfiability,sepsis,0.014,0.25,Seq2@8@1,0.006966
satisfiability,sepsis,0.014,0.25,Seq2@8@3,-0.025874
satisfiability,sepsis,0.004,0.25,Seq2@5@4,-0.003654
satisfiability,sepsis,0.004,0.25,Seq4@4,-0.058605
satisfiability,sepsis,0.004,0.25,Seq3@4,-0.04374
satisfiability,sepsis,0.0,0.25,Seq2@3@2,-0.040302
satisfiability,sepsis,0.0,0.25,Seq3@2,-0.023499
satisfiability,sepsis,0.0,0.25,Seq2@1,-0.029931
satisfiability,sepsis,-0.002,0.25,Seq2@7@3,-0.016885
liveness,sepsis,0.663,0.25,Seq2@7@1,0.609475
liveness,sepsis,0.148,0.25,Seq2@8@1,0.151191
liveness,sepsis,0.119,0.25,Seq2@9@1,0.137982
liveness,sepsis,0.04,0.25,Seq2@8@2,0.132986
liveness,sepsis,0.034,0.25,Seq2@7@2,0.042215
liveness,sepsis,0.022,0.25,Seq2@7@4,0.027582
liveness,sepsis,0.018,0.25,Seq2@5@1,0.001789
liveness,sepsis,0.011,0.25,Seq2@7@3,-0.01191
liveness,sepsis,0.001,0.25,Seq2@3@1,-0.011279
liveness,sepsis,0.001,0.25,Seq2@5@2,-0.043329
liveness,sepsis,0.0,0.25,Seq2@5@3,-0.004765
liveness,sepsis,0.0,0.25,Seq4@6,-0.029362
liveness,sepsis,0.0,0.25,Seq2@6,-0.008729
liveness,sepsis,0.0,0.25,Seq2@5@4,-0.007365
liveness,sepsis,0.0,0.25,Seq4@4,-0.023084
liveness,sepsis,0.0,0.25,Seq3@4,-0.041637
liveness,sepsis,0.0,0.25,Seq2@3@2,-0.024437
liveness,sepsis,0.0,0.25,Seq3@2,-0.000876
liveness,sepsis,0.0,0.25,Seq2@1,-0.034927
liveness,sepsis,-0.022,0.25,Seq2@8@3,-0.079664
liveness,sepsis,-0.035,0.25,Seq2@9@2,-0.094721
safety,sepsis,0.0,0.25,Seq2@3@1,0.0
safety,sepsis,0.0,0.25,Seq2@5@1,0.0
safety,sepsis,0.0,0.25,Seq2@5@2,0.0
safety,sepsis,0.0,0.25,Seq2@5@3,0.0
safety,sepsis,0.0,0.25,Seq2@7@1,0.0
safety,sepsis,0.0,0.25,Seq2@9@1,0.0
safety,sepsis,0.0,0.25,Seq2@8@1,0.0
safety,sepsis,0.0,0.25,Seq2@7@2,0.0
safety,sepsis,0.0,0.25,Seq2@8@2,0.0
safety,sepsis,0.0,0.25,Seq2@9@2,0.0
safety,sepsis,0.0,0.25,Seq2@8@3,0.0
safety,sepsis,0.0,0.25,Seq2@7@3,0.0
safety,sepsis,0.0,0.25,Seq2@7@4,0.0
safety,sepsis,0.0,0.25,Seq4@6,0.0
safety,sepsis,0.0,0.25,Seq2@6,0.0
safety,sepsis,0.0,0.25,Seq2@5@4,0.0
safety,sepsis,0.0,0.25,Seq4@4,0.0
safety,sepsis,0.0,0.25,Seq3@4,0.0
safety,sepsis,0.0,0.25,Seq2@3@2,0.0
safety,sepsis,0.0,0.25,Seq3@2,0.0
safety,sepsis,0.0,0.25,Seq2@1,0.0
satisfiability,road_traffic_fines,0.163,0.0,Seq2@10@1,0.276211
satisfiability,road_traffic_fines,0.149,0.0,Seq2@12@2,0.211458
satisfiability,road_traffic_fines,0.137,0.0,Seq2@5@1,0.145492
satisfiability,road_traffic_fines,0.125,0.0,Seq2@3@1,0.184285
satisfiability,road_traffic_fines,0.085,0.0,Seq2@3@2,0.161448
satisfiability,road_traffic_fines,0.082,0.0,Seq2@11,0.061973
satisfiability,road_traffic_fines,0.078,0.0,Seq3@9,0.123288
satisfiability,road_traffic_fines,0.076,0.0,Seq2@9,0.122928
satisfiability,road_traffic_fines,0.066,0.0,Seq2@4@2,0.106388
satisfiability,road_traffic_fines,0.059,0.0,Seq2@10@3,0.068081
satisfiability,road_traffic_fines,0.024,0.0,Seq2@10@2,0.001992
satisfiability,road_traffic_fines,0.01,0.0,Seq2@4@1,-0.027186
satisfiability,road_traffic_fines,0.006,0.0,Seq2@7,-0.049428
satisfiability,road_traffic_fines,0.006,0.0,Seq2@6@2,-0.021666
satisfiability,road_traffic_fines,0.003,0.0,Seq2@8,-0.007363
satisfiability,road_traffic_fines,0.003,0.0,Seq2@5@2,-0.016653
satisfiability,road_traffic_fines,0.001,0.0,Seq2@3@3,-0.032701
satisfiability,road_traffic_fines,0.0,0.0,Seq3@2,-0.038655
satisfiability,road_traffic_fines,0.0,0.0,Seq2@1,-0.041546
satisfiability,road_traffic_fines,-0.029,0.0,Seq2@12@1,-0.098828
satisfiability,road_traffic_fines,-0.044,0.0,Seq2@6@1,-0.100615
liveness,road_traffic_fines,0.001,0.0,Seq2@5@1,0.001393
liveness,road_traffic_fines,0.0,0.0,Seq2@3@1,0.001497
liveness,road_traffic_fines,0.0,0.0,Seq2@3@2,0.001431
liveness,road_traffic_fines,0.0,0.0,Seq2@6@1,-0.000779
liveness,road_traffic_fines,0.0,0.0,Seq2@9,-0.000782
liveness,road_traffic_fines,0.0,0.0,Seq2@10@1,-0.000781
liveness,road_traffic_fines,0.0,0.0,Seq2@10@2,-0.000782
liveness,road_traffic_fines,0.0,0.0,Seq2@12@1,-0.000766
liveness,road_traffic_fines,0.0,0.0,Seq2@12@2,-0.000781
liveness,road_traffic_fines,0.0,0.0,Seq2@11,-0.000773
liveness,road_traffic_fines,0.0,0.0,Seq2@10@3,-0.000754
liveness,road_traffic_fines,0.0,0.0,Seq3@9,-0.000797
liveness,road_traffic_fines,0.0,0.0,Seq2@7,-0.000788
liveness,road_traffic_fines,0.0,0.0,Seq2@6@2,-0.00077
liveness,road_traffic_fines,0.0,0.0,Seq2@5@2,0.001548
liveness,road_traffic_fines,0.0,0.0,Seq2@4@1,-0.000774
liveness,road_traffic_fines,0.0,0.0,Seq2@4@2,-0.000766
liveness,road_traffic_fines,0.0,0.0,Seq2@3@3,-0.000785
liveness,road_traffic_fines,0.0,0.0,Seq3@2,0.001399
liveness,road_traffic_fines,0.0,0.0,Seq2@1,-0.000756
liveness,road_traffic_fines,-0.001,0.0,Seq2@8,-0.000769
safety,road_traffic_fines,0.0,0.0,Seq2@3@1,0.0
safety,road_traffic_fines,0.0,0.0,Seq2@3@2,0.0
safety,road_traffic_fines,0.0,0.0,Seq2@6@1,0.0
safety,road_traffic_fines,0.0,0.0,Seq2@5@1,0.0
safety,road_traffic_fines,0.0,0.0,Seq2@9,0.0
safety,road_traffic_fines,0.0,0.0,Seq2@10@1,0.0
safety,road_traffic_fines,0.0,0.0,Seq2@10@2,0.0
safety,road_traffic_fines,0.0,0.0,Seq2@12@1,0.0
safety,road_traffic_fines,0.0,0.0,Seq2@12@2,0.0
safety,road_traffic_fines,0.0,0.0,Seq2@11,0.0
safety,road_traffic_fines,0.0,0.0,Seq2@10@3,0.0
safety,road_traffic_fines,0.0,0.0,Seq3@9,0.0
safety,road_traffic_fines,0.0,0.0,Seq2@8,0.0
safety,road_traffic_fines,0.0,0.0,Seq2@7,0.0
safety,road_traffic_fines,0.0,0.0,Seq2@6@2,0.0
safety,road_traffic_fines,0.0,0.0,Seq2@5@2,0.0
safety,road_traffic_fines,0.0,0.0,Seq2@4@1,0.0
safety,road_traffic_fines,0.0,0.0,Seq2@4@2,0.0
safety,road_traffic_fines,0.0,0.0,Seq2@3@3,0.0
safety,road_traffic_fines,0.0,0.0,Seq3@2,0.0
safety,road_traffic_fines,0.0,0.0,Seq2@1,0.0
satisfiability,sepsis,0.265,0.0,Seq2@4@1,0.335976
satisfiability,sepsis,0.248,0.0,Seq2@9@2,0.359505
satisfiability,sepsis,0.122,0.0,Seq2@8@1,0.130941
satisfiability,sepsis,0.118,0.0,Seq2@6@1,0.11199
satisfiability,sepsis,0.107,0.0,Seq2@2@1,0.183356
satisfiability,sepsis,0.031,0.0,Seq2@3@3,0.006545
satisfiability,sepsis,0.029,0.0,Seq2@7@4,0.033188
satisfiability,sepsis,0.025,0.0,Seq2@6@3,-0.01138
satisfiability,sepsis,0.022,0.0,Seq2@7@2,0.029439
satisfiability,sepsis,0.022,0.0,Seq4@5@2,0.018034
satisfiability,sepsis,0.019,0.0,Seq2@6@2,0.015029
satisfiability,sepsis,0.019,0.0,Seq2@8@3,-0.007256
satisfiability,sepsis,0.017,0.0,Seq2@7@3,0.014263
satisfiability,sepsis,0.017,0.0,Seq2@9@3,-0.028205
satisfiability,sepsis,0.016,0.0,Seq2@10@2,-0.032662
satisfiability,sepsis,0.009,0.0,Seq2@8@2,-0.008162
satisfiability,sepsis,0.006,0.0,Seq2@6@4,-0.014318
satisfiability,sepsis,0.005,0.0,Seq4@5@1,0.000982
satisfiability,sepsis,0.005,0.0,Seq2@3@2,0.004354
satisfiability,sepsis,0.002,0.0,Seq2@4@2,0.028061
satisfiability,sepsis,0.002,0.0,Seq2@2@2,-0.0198
satisfiability,sepsis,0.0,0.0,Seq3@1,-0.005599
satisfiability,sepsis,-0.01,0.0,Seq3@7,-0.057753
satisfiability,sepsis,-0.016,0.0,Seq2@7@1,-0.045588
satisfiability,sepsis,-0.02,0.0,Seq2@9@1,-0.045588
satisfiability,sepsis,-0.028,0.0,Seq2@10@1,-0.077936
satisfiability,sepsis,-0.032,0.0,Seq2@3@1,-0.083055
liveness,sepsis,0.088,0.0,Seq2@3@1,0.113832
liveness,sepsis,0.086,0.0,Seq2@7@3,0.131316
liveness,sepsis,0.083,0.0,Seq2@4@1,0.150774
liveness,sepsis,0.061,0.0,Seq2@6@1,0.066541
liveness,sepsis,0.06,0.0,Seq2@9@2,0.119272
liveness,sepsis,0.046,0.0,Seq2@7@2,0.080155
liveness,sepsis,0.033,0.0,Seq2@10@2,0.033043
liveness,sepsis,0.029,0.0,Seq4@5@2,-0.004386
liveness,sepsis,0.02,0.0,Seq2@8@3,0.001939
liveness,sepsis,0.017,0.0,Seq2@8@1,-0.01503
liveness,sepsis,0.013,0.0,Seq2@6@3,0.001844
liveness,sepsis,0.008,0.0,Seq2@9@3,-0.013374
liveness,sepsis,0.006,0.0,Seq2@6@2,-0.01279
liveness,sepsis,0.002,0.0,Seq2@3@2,0.000579
liveness,sepsis,0.001,0.0,Seq2@4@2,-0.002684
liveness,sepsis,0.0,0.0,Seq2@6@4,-0.027129
liveness,sepsis,0.0,0.0,Seq2@2@2,0.018092
liveness,sepsis,0.0,0.0,Seq3@1,0.008534
liveness,sepsis,-0.001,0.0,Seq4@5@1,0.017308
liveness,sepsis,-0.002,0.0,Seq2@10@1,-0.008435
liveness,sepsis,-0.004,0.0,Seq2@8@2,-0.026652
liveness,sepsis,-0.006,0.0,Seq2@7@4,0.021593
liveness,sepsis,-0.008,0.0,Seq2@9@1,-0.0334
liveness,sepsis,-0.011,0.0,Seq2@7@1,-0.028999
liveness,sepsis,-0.014,0.0,Seq3@7,-0.001667
liveness,sepsis,-0.063,0.0,Seq2@2@1,-0.160876
liveness,sepsis,-0.444,0.0,Seq2@3@3,-0.290047
safety,sepsis,0.0,0.0,Seq2@3@1,0.0
safety,sepsis,0.0,0.0,Seq2@2@1,0.0
safety,sepsis,0.0,0.0,Seq2@4@1,0.0
safety,sepsis,0.0,0.0,Seq2@7@1,0.0
safety,sepsis,0.0,0.0,Seq2@6@1,0.0
safety,sepsis,0.0,0.0,Seq2@7@2,0.0
safety,sepsis,0.0,0.0,Seq2@6@2,0.0
safety,sepsis,0.0,0.0,Seq2@7@3,0.0
safety,sepsis,0.0,0.0,Seq2@6@3,0.0
safety,sepsis,0.0,0.0,Seq2@10@1,0.0
safety,sepsis,0.0,0.0,Seq2@9@1,0.0
safety,sepsis,0.0,0.0,Seq2@8@1,0.0
safety,sepsis,0.0,0.0,Seq2@9@2,0.0
safety,sepsis,0.0,0.0,Seq2@10@2,0.0
safety,sepsis,0.0,0.0,Seq2@9@3,0.0
safety,sepsis,0.0,0.0,Seq2@8@2,0.0
safety,sepsis,0.0,0.0,Seq2@8@3,0.0
safety,sepsis,0.0,0.0,Seq3@7,0.0
safety,sepsis,0.0,0.0,Seq2@7@4,0.0
safety,sepsis,0.0,0.0,Seq2@6@4,0.0
safety,sepsis,0.0,0.0,Seq4@5@1,0.0
safety,sepsis,0.0,0.0,Seq4@5@2,0.0
safety,sepsis,0.0,0.0,Seq2@4@2,0.0
safety,sepsis,0.0,0.0,Seq2@3@2,0.0
safety,sepsis,0.0,0.0,Seq2@3@3,0.0
safety,sepsis,0.0,0.0,Seq2@2@2,0.0
safety,sepsis,0.0,0.0,Seq3@1,0.0
